,rollno,marks
1,221710302001,31
2,221710302002,14
3,221710302003,17
4,221710302004,9
5,221710302005,29
6,221710302006,68
7,221710302007,90
8,221710302008,90
9,221710302009,66
10,221710302010,53
11,221710302011,81
12,221710302012,5
13,221710302013,61
14,221710302014,41
15,221710302015,78
16,221710302016,14
17,221710302017,52
18,221710302018,7
19,221710302019,58
20,221710302020,34
21,221710302021,84
22,221710302022,56
23,221710302023,65
24,221710302024,91
25,221710302025,21
26,221710302026,22
27,221710302027,31
28,221710302028,56
29,221710302029,59
30,221710302030,36
31,221710302031,74
32,221710302032,96
33,221710302033,31
34,221710302034,24
35,221710302035,27
36,221710302036,38
37,221710302037,49
38,221710302038,20
39,221710302039,94
40,221710302040,91
41,221710302041,13
42,221710302042,50
43,221710302043,73
44,221710302044,38
45,221710302045,41
46,221710302046,30
47,221710302047,68
48,221710302048,59
49,221710302049,82
50,221710302050,66
51,221710302051,63
52,221710302052,50
53,221710302053,74
54,221710302054,43
55,221710302055,58
56,221710302056,92
57,221710302057,93
58,221710302058,31
59,221710302059,71
60,221710302060,10
61,221710302061,87
62,221710302062,77
63,221710302063,37
64,221710302064,86
65,221710302065,83
66,221710302066,63
67,221710302067,48
68,221710302068,75
69,221710302069,50
70,221710302070,84
71,221710302071,8
72,221710302072,62
73,221710302073,20
74,221710302074,47
75,221710302075,51
76,221710302076,79
77,221710302077,15
78,221710302078,76
79,221710302079,77
80,221710302080,71
81,221710302081,21
82,221710302082,98
83,221710302083,28
84,221710302084,44
85,221710302085,20
86,221710302086,20
87,221710302087,8
88,221710302088,57
89,221710302089,59
90,221710302090,76
91,221710302091,59
92,221710302092,91
93,221710302093,93
94,221710302094,56
95,221710302095,87
96,221710302096,24
97,221710302097,17
98,221710302098,78
99,221710302099,48
100,221710302100,98
101,221710302101,40
102,221710302102,82
103,221710302103,66
104,221710302104,1
105,221710302105,24
106,221710302106,59
107,221710302107,7
108,221710302108,68
109,221710302109,32
110,221710302110,33
111,221710302111,92
112,221710302112,13
113,221710302113,70
114,221710302114,87
115,221710302115,33
116,221710302116,99
117,221710302117,73
118,221710302118,13
119,221710302119,24
120,221710302120,78
121,221710302121,28
122,221710302122,66
123,221710302123,62
124,221710302124,88
125,221710302125,12
126,221710302126,61
127,221710302127,99
128,221710302128,27
129,221710302129,5
130,221710302130,82
131,221710302131,46
132,221710302132,78
133,221710302133,80
134,221710302134,41
135,221710302135,89
136,221710302136,10
137,221710302137,61
138,221710302138,85
139,221710302139,45
140,221710302140,69
141,221710302141,34
142,221710302142,96
143,221710302143,75
144,221710302144,3
145,221710302145,82
146,221710302146,76
147,221710302147,48
148,221710302148,75
149,221710302149,90
150,221710302150,70
151,221710302151,5
152,221710302152,72
153,221710302153,37
154,221710302154,91
155,221710302155,19
156,221710302156,30
157,221710302157,65
158,221710302158,48
159,221710302159,86
160,221710302160,0
161,221710302161,48
162,221710302162,49
163,221710302163,45
164,221710302164,46
165,221710302165,88
166,221710302166,66
167,221710302167,74
168,221710302168,7
169,221710302169,43
170,221710302170,45
171,221710302171,11
172,221710302172,44
173,221710302173,90
174,221710302174,5
175,221710302175,92
176,221710302176,71
177,221710302177,51
178,221710302178,26
179,221710302179,41
180,221710302180,58
181,221710302181,94
182,221710302182,50
183,221710302183,92
184,221710302184,58
185,221710302185,81
186,221710302186,70
187,221710302187,92
188,221710302188,29
189,221710302189,19
190,221710302190,45
191,221710302191,3
192,221710302192,35
193,221710302193,27
194,221710302194,1
195,221710302195,82
196,221710302196,24
197,221710302197,98
198,221710302198,53
199,221710302199,80
200,221710302200,20
201,221710302201,98
202,221710302202,85
203,221710302203,54
204,221710302204,44
205,221710302205,19
206,221710302206,24
207,221710302207,21
208,221710302208,13
209,221710302209,59
210,221710302210,7
211,221710302211,15
212,221710302212,16
213,221710302213,94
214,221710302214,86
215,221710302215,35
216,221710302216,44
217,221710302217,83
218,221710302218,30
219,221710302219,60
220,221710302220,21
221,221710302221,84
222,221710302222,36
223,221710302223,58
224,221710302224,36
225,221710302225,36
226,221710302226,32
227,221710302227,68
228,221710302228,14
229,221710302229,93
230,221710302230,11
231,221710302231,27
232,221710302232,6
233,221710302233,93
234,221710302234,5
235,221710302235,41
236,221710302236,12
237,221710302237,79
238,221710302238,76
239,221710302239,40
240,221710302240,58
241,221710302241,13
242,221710302242,86
243,221710302243,70
244,221710302244,37
245,221710302245,63
246,221710302246,53
247,221710302247,79
248,221710302248,26
249,221710302249,13
250,221710302250,64
251,221710302251,55
252,221710302252,15
253,221710302253,94
254,221710302254,58
255,221710302255,57
256,221710302256,47
257,221710302257,68
258,221710302258,58
259,221710302259,20
260,221710302260,49
261,221710302261,81
262,221710302262,40
263,221710302263,73
264,221710302264,53
265,221710302265,35
266,221710302266,83
267,221710302267,85
268,221710302268,22
269,221710302269,60
270,221710302270,30
271,221710302271,33
272,221710302272,64
273,221710302273,51
274,221710302274,34
275,221710302275,23
276,221710302276,95
277,221710302277,83
278,221710302278,72
279,221710302279,31
280,221710302280,83
281,221710302281,15
282,221710302282,4
283,221710302283,10
284,221710302284,53
285,221710302285,99
286,221710302286,61
287,221710302287,72
288,221710302288,69
289,221710302289,70
290,221710302290,15
291,221710302291,10
292,221710302292,87
293,221710302293,3
294,221710302294,56
295,221710302295,89
296,221710302296,48
297,221710302297,30
298,221710302298,77
299,221710302299,67
300,221710302300,29
301,221710302301,40
302,221710302302,36
303,221710302303,64
304,221710302304,77
305,221710302305,24
306,221710302306,92
307,221710302307,44
308,221710302308,57
309,221710302309,96
310,221710302310,47
311,221710302311,63
312,221710302312,64
313,221710302313,40
314,221710302314,87
315,221710302315,50
316,221710302316,5
317,221710302317,75
318,221710302318,61
319,221710302319,20
320,221710302320,43
321,221710302321,82
322,221710302322,36
323,221710302323,29
324,221710302324,32
325,221710302325,92
326,221710302326,12
327,221710302327,38
328,221710302328,72
329,221710302329,25
330,221710302330,89
331,221710302331,10
332,221710302332,75
333,221710302333,11
334,221710302334,45
335,221710302335,64
336,221710302336,47
337,221710302337,60
338,221710302338,86
339,221710302339,1
340,221710302340,61
341,221710302341,10
342,221710302342,74
343,221710302343,2
344,221710302344,86
345,221710302345,80
346,221710302346,11
347,221710302347,16
348,221710302348,45
349,221710302349,79
350,221710302350,69
351,221710302351,43
352,221710302352,5
353,221710302353,98
354,221710302354,66
355,221710302355,6
356,221710302356,36
357,221710302357,87
358,221710302358,97
359,221710302359,59
360,221710302360,88
361,221710302361,6
362,221710302362,97
363,221710302363,72
364,221710302364,79
365,221710302365,0
366,221710302366,96
367,221710302367,75
368,221710302368,28
369,221710302369,23
370,221710302370,2
371,221710302371,75
372,221710302372,90
373,221710302373,69
374,221710302374,93
375,221710302375,2
376,221710302376,83
377,221710302377,95
378,221710302378,90
379,221710302379,97
380,221710302380,68
381,221710302381,26
382,221710302382,82
383,221710302383,46
384,221710302384,19
385,221710302385,15
386,221710302386,27
387,221710302387,77
388,221710302388,92
389,221710302389,0
390,221710302390,35
391,221710302391,64
392,221710302392,53
393,221710302393,14
394,221710302394,60
395,221710302395,72
396,221710302396,92
397,221710302397,23
398,221710302398,5
399,221710302399,35
400,221710302400,3
401,221710302401,76
402,221710302402,44
403,221710302403,58
404,221710302404,53
405,221710302405,98
406,221710302406,6
407,221710302407,0
408,221710302408,45
409,221710302409,45
410,221710302410,54
411,221710302411,46
412,221710302412,61
413,221710302413,69
414,221710302414,16
415,221710302415,55
416,221710302416,16
417,221710302417,79
418,221710302418,87
419,221710302419,6
420,221710302420,81
421,221710302421,41
422,221710302422,37
423,221710302423,19
424,221710302424,56
425,221710302425,3
426,221710302426,67
427,221710302427,99
428,221710302428,36
429,221710302429,36
430,221710302430,12
431,221710302431,4
432,221710302432,8
433,221710302433,29
434,221710302434,61
435,221710302435,90
436,221710302436,9
437,221710302437,66
438,221710302438,78
439,221710302439,82
440,221710302440,32
441,221710302441,76
442,221710302442,96
443,221710302443,94
444,221710302444,1
445,221710302445,45
446,221710302446,37
447,221710302447,8
448,221710302448,84
449,221710302449,7
450,221710302450,62
451,221710302451,22
452,221710302452,60
453,221710302453,12
454,221710302454,51
455,221710302455,0
456,221710302456,27
457,221710302457,43
458,221710302458,89
459,221710302459,66
460,221710302460,7
461,221710302461,38
462,221710302462,42
463,221710302463,73
464,221710302464,83
465,221710302465,4
466,221710302466,32
467,221710302467,8
468,221710302468,12
469,221710302469,93
470,221710302470,59
471,221710302471,52
472,221710302472,41
473,221710302473,19
474,221710302474,70
475,221710302475,6
476,221710302476,38
477,221710302477,89
478,221710302478,49
479,221710302479,75
480,221710302480,54
481,221710302481,76
482,221710302482,11
483,221710302483,0
484,221710302484,39
485,221710302485,42
486,221710302486,67
487,221710302487,19
488,221710302488,63
489,221710302489,1
490,221710302490,70
491,221710302491,15
492,221710302492,53
493,221710302493,2
494,221710302494,58
495,221710302495,1
496,221710302496,2
497,221710302497,2
498,221710302498,71
499,221710302499,54
500,221710302500,76
501,221710302501,14
502,221710302502,8
503,221710302503,6
504,221710302504,76
505,221710302505,63
506,221710302506,91
507,221710302507,11
508,221710302508,5
509,221710302509,73
510,221710302510,5
511,221710302511,6
512,221710302512,70
513,221710302513,82
514,221710302514,50
515,221710302515,37
516,221710302516,1
517,221710302517,90
518,221710302518,22
519,221710302519,59
520,221710302520,17
521,221710302521,1
522,221710302522,90
523,221710302523,59
524,221710302524,6
525,221710302525,95
526,221710302526,70
527,221710302527,92
528,221710302528,1
529,221710302529,68
530,221710302530,41
531,221710302531,82
532,221710302532,23
533,221710302533,46
534,221710302534,78
535,221710302535,85
536,221710302536,33
537,221710302537,76
538,221710302538,33
539,221710302539,22
540,221710302540,52
541,221710302541,37
542,221710302542,91
543,221710302543,89
544,221710302544,7
545,221710302545,33
546,221710302546,30
547,221710302547,27
548,221710302548,22
549,221710302549,72
550,221710302550,26
551,221710302551,73
552,221710302552,65
553,221710302553,2
554,221710302554,63
555,221710302555,52
556,221710302556,47
557,221710302557,96
558,221710302558,61
559,221710302559,87
560,221710302560,75
561,221710302561,24
562,221710302562,46
563,221710302563,8
564,221710302564,3
565,221710302565,7
566,221710302566,43
567,221710302567,38
568,221710302568,44
569,221710302569,39
570,221710302570,59
571,221710302571,8
572,221710302572,31
573,221710302573,62
574,221710302574,38
575,221710302575,6
576,221710302576,43
577,221710302577,64
578,221710302578,16
579,221710302579,72
580,221710302580,80
581,221710302581,0
582,221710302582,79
583,221710302583,37
584,221710302584,63
585,221710302585,61
586,221710302586,12
587,221710302587,55
588,221710302588,94
589,221710302589,82
590,221710302590,82
591,221710302591,99
592,221710302592,96
593,221710302593,15
594,221710302594,66
595,221710302595,38
596,221710302596,53
597,221710302597,52
598,221710302598,32
599,221710302599,27
600,221710302600,92
601,221710302601,35
602,221710302602,38
603,221710302603,61
604,221710302604,24
605,221710302605,61
606,221710302606,39
607,221710302607,15
608,221710302608,4
609,221710302609,14
610,221710302610,95
611,221710302611,63
612,221710302612,59
613,221710302613,81
614,221710302614,53
615,221710302615,29
616,221710302616,19
617,221710302617,89
618,221710302618,71
619,221710302619,16
620,221710302620,82
621,221710302621,27
622,221710302622,88
623,221710302623,34
624,221710302624,4
625,221710302625,45
626,221710302626,8
627,221710302627,19
628,221710302628,35
629,221710302629,12
630,221710302630,89
631,221710302631,17
632,221710302632,52
633,221710302633,90
634,221710302634,38
635,221710302635,44
636,221710302636,33
637,221710302637,65
638,221710302638,53
639,221710302639,3
640,221710302640,9
641,221710302641,70
642,221710302642,91
643,221710302643,53
644,221710302644,68
645,221710302645,52
646,221710302646,11
647,221710302647,56
648,221710302648,13
649,221710302649,42
650,221710302650,34
651,221710302651,24
652,221710302652,53
653,221710302653,55
654,221710302654,33
655,221710302655,26
656,221710302656,22
657,221710302657,11
658,221710302658,81
659,221710302659,55
660,221710302660,18
661,221710302661,19
662,221710302662,65
663,221710302663,87
664,221710302664,84
665,221710302665,12
666,221710302666,43
667,221710302667,60
668,221710302668,0
669,221710302669,9
670,221710302670,90
671,221710302671,72
672,221710302672,0
673,221710302673,50
674,221710302674,68
675,221710302675,63
676,221710302676,31
677,221710302677,67
678,221710302678,62
679,221710302679,89
680,221710302680,68
681,221710302681,76
682,221710302682,82
683,221710302683,9
684,221710302684,92
685,221710302685,10
686,221710302686,15
687,221710302687,98
688,221710302688,6
689,221710302689,74
690,221710302690,32
691,221710302691,13
692,221710302692,73
693,221710302693,48
694,221710302694,10
695,221710302695,30
696,221710302696,22
697,221710302697,71
698,221710302698,52
699,221710302699,35
700,221710302700,37
701,221710302701,27
702,221710302702,92
703,221710302703,5
704,221710302704,87
705,221710302705,94
706,221710302706,38
707,221710302707,85
708,221710302708,90
709,221710302709,60
710,221710302710,0
711,221710302711,66
712,221710302712,89
713,221710302713,97
714,221710302714,63
715,221710302715,28
716,221710302716,27
717,221710302717,44
718,221710302718,42
719,221710302719,44
720,221710302720,41
721,221710302721,52
722,221710302722,27
723,221710302723,77
724,221710302724,8
725,221710302725,2
726,221710302726,6
727,221710302727,70
728,221710302728,5
729,221710302729,60
730,221710302730,71
731,221710302731,24
732,221710302732,20
733,221710302733,31
734,221710302734,38
735,221710302735,16
736,221710302736,10
737,221710302737,86
738,221710302738,65
739,221710302739,32
740,221710302740,13
741,221710302741,83
742,221710302742,51
743,221710302743,11
744,221710302744,30
745,221710302745,3
746,221710302746,89
747,221710302747,8
748,221710302748,36
749,221710302749,12
750,221710302750,63
751,221710302751,81
752,221710302752,14
753,221710302753,19
754,221710302754,41
755,221710302755,97
756,221710302756,21
757,221710302757,77
758,221710302758,19
759,221710302759,59
760,221710302760,94
761,221710302761,83
762,221710302762,73
763,221710302763,96
764,221710302764,73
765,221710302765,10
766,221710302766,59
767,221710302767,83
768,221710302768,5
769,221710302769,17
770,221710302770,26
771,221710302771,71
772,221710302772,86
773,221710302773,24
774,221710302774,66
775,221710302775,4
776,221710302776,29
777,221710302777,66
778,221710302778,46
779,221710302779,4
780,221710302780,55
781,221710302781,11
782,221710302782,57
783,221710302783,59
784,221710302784,29
785,221710302785,98
786,221710302786,70
787,221710302787,99
788,221710302788,21
789,221710302789,93
790,221710302790,55
791,221710302791,71
792,221710302792,72
793,221710302793,63
794,221710302794,51
795,221710302795,94
796,221710302796,28
797,221710302797,85
798,221710302798,4
799,221710302799,24
800,221710302800,41
801,221710302801,36
802,221710302802,10
803,221710302803,24
804,221710302804,23
805,221710302805,4
806,221710302806,85
807,221710302807,5
808,221710302808,82
809,221710302809,61
810,221710302810,14
811,221710302811,25
812,221710302812,84
813,221710302813,98
814,221710302814,24
815,221710302815,67
816,221710302816,54
817,221710302817,91
818,221710302818,91
819,221710302819,30
820,221710302820,25
821,221710302821,74
822,221710302822,37
823,221710302823,21
824,221710302824,6
825,221710302825,86
826,221710302826,89
827,221710302827,32
828,221710302828,33
829,221710302829,2
830,221710302830,11
831,221710302831,83
832,221710302832,4
833,221710302833,25
834,221710302834,85
835,221710302835,97
836,221710302836,91
837,221710302837,46
838,221710302838,40
839,221710302839,37
840,221710302840,25
841,221710302841,62
842,221710302842,74
843,221710302843,94
844,221710302844,92
845,221710302845,5
846,221710302846,61
847,221710302847,45
848,221710302848,28
849,221710302849,98
850,221710302850,48
851,221710302851,59
852,221710302852,79
853,221710302853,53
854,221710302854,52
855,221710302855,10
856,221710302856,98
857,221710302857,96
858,221710302858,10
859,221710302859,73
860,221710302860,50
861,221710302861,86
862,221710302862,53
863,221710302863,70
864,221710302864,85
865,221710302865,42
866,221710302866,86
867,221710302867,24
868,221710302868,95
869,221710302869,24
870,221710302870,25
871,221710302871,21
872,221710302872,49
873,221710302873,68
874,221710302874,7
875,221710302875,23
876,221710302876,65
877,221710302877,9
878,221710302878,94
879,221710302879,70
880,221710302880,84
881,221710302881,21
882,221710302882,62
883,221710302883,30
884,221710302884,39
885,221710302885,87
886,221710302886,73
887,221710302887,59
888,221710302888,0
889,221710302889,42
890,221710302890,63
891,221710302891,9
892,221710302892,33
893,221710302893,65
894,221710302894,32
895,221710302895,27
896,221710302896,61
897,221710302897,74
898,221710302898,50
899,221710302899,42
900,221710302900,83
901,221710302901,8
902,221710302902,23
903,221710302903,72
904,221710302904,71
905,221710302905,77
906,221710302906,38
907,221710302907,41
908,221710302908,11
909,221710302909,86
910,221710302910,14
911,221710302911,90
912,221710302912,61
913,221710302913,52
914,221710302914,73
915,221710302915,59
916,221710302916,1
917,221710302917,36
918,221710302918,9
919,221710302919,25
920,221710302920,52
921,221710302921,92
922,221710302922,72
923,221710302923,31
924,221710302924,91
925,221710302925,21
926,221710302926,73
927,221710302927,15
928,221710302928,17
929,221710302929,53
930,221710302930,94
931,221710302931,28
932,221710302932,29
933,221710302933,51
934,221710302934,61
935,221710302935,69
936,221710302936,46
937,221710302937,69
938,221710302938,78
939,221710302939,35
940,221710302940,28
941,221710302941,25
942,221710302942,20
943,221710302943,99
944,221710302944,33
945,221710302945,11
946,221710302946,51
947,221710302947,48
948,221710302948,7
949,221710302949,50
950,221710302950,14
951,221710302951,58
952,221710302952,33
953,221710302953,71
954,221710302954,50
955,221710302955,82
956,221710302956,53
957,221710302957,78
958,221710302958,4
959,221710302959,29
960,221710302960,6
961,221710302961,97
962,221710302962,76
963,221710302963,74
964,221710302964,67
965,221710302965,76
966,221710302966,86
967,221710302967,18
968,221710302968,59
969,221710302969,16
970,221710302970,3
971,221710302971,30
972,221710302972,21
973,221710302973,5
974,221710302974,1
975,221710302975,13
976,221710302976,67
977,221710302977,85
978,221710302978,96
979,221710302979,72
980,221710302980,87
981,221710302981,60
982,221710302982,3
983,221710302983,73
984,221710302984,37
985,221710302985,14
986,221710302986,74
987,221710302987,84
988,221710302988,36
989,221710302989,81
990,221710302990,11
991,221710302991,7
992,221710302992,17
993,221710302993,89
994,221710302994,8
995,221710302995,82
996,221710302996,18
997,221710302997,10
998,221710302998,65
999,221710302999,35
1000,221710303000,99
1001,221710303001,89
1002,221710303002,8
1003,221710303003,87
1004,221710303004,25
1005,221710303005,86
1006,221710303006,32
1007,221710303007,13
1008,221710303008,87
1009,221710303009,0
1010,221710303010,78
1011,221710303011,97
1012,221710303012,5
1013,221710303013,6
1014,221710303014,68
1015,221710303015,90
1016,221710303016,44
1017,221710303017,62
1018,221710303018,40
1019,221710303019,93
1020,221710303020,55
1021,221710303021,30
1022,221710303022,82
1023,221710303023,98
1024,221710303024,30
1025,221710303025,9
1026,221710303026,15
1027,221710303027,87
1028,221710303028,48
1029,221710303029,23
1030,221710303030,85
1031,221710303031,13
1032,221710303032,24
1033,221710303033,73
1034,221710303034,45
1035,221710303035,28
1036,221710303036,16
1037,221710303037,35
1038,221710303038,50
1039,221710303039,45
1040,221710303040,80
1041,221710303041,24
1042,221710303042,69
1043,221710303043,6
1044,221710303044,12
1045,221710303045,41
1046,221710303046,63
1047,221710303047,98
1048,221710303048,74
1049,221710303049,67
1050,221710303050,31
1051,221710303051,28
1052,221710303052,2
1053,221710303053,46
1054,221710303054,9
1055,221710303055,93
1056,221710303056,59
1057,221710303057,43
1058,221710303058,8
1059,221710303059,65
1060,221710303060,59
1061,221710303061,39
1062,221710303062,15
1063,221710303063,25
1064,221710303064,85
1065,221710303065,59
1066,221710303066,83
1067,221710303067,82
1068,221710303068,45
1069,221710303069,20
1070,221710303070,45
1071,221710303071,58
1072,221710303072,45
1073,221710303073,51
1074,221710303074,52
1075,221710303075,78
1076,221710303076,51
1077,221710303077,62
1078,221710303078,24
1079,221710303079,72
1080,221710303080,74
1081,221710303081,39
1082,221710303082,79
1083,221710303083,28
1084,221710303084,94
1085,221710303085,95
1086,221710303086,97
1087,221710303087,19
1088,221710303088,1
1089,221710303089,97
1090,221710303090,43
1091,221710303091,21
1092,221710303092,74
1093,221710303093,63
1094,221710303094,99
1095,221710303095,22
1096,221710303096,14
1097,221710303097,12
1098,221710303098,9
1099,221710303099,50
1100,221710303100,67
1101,221710303101,40
1102,221710303102,38
1103,221710303103,32
1104,221710303104,96
1105,221710303105,34
1106,221710303106,55
1107,221710303107,24
1108,221710303108,18
1109,221710303109,26
1110,221710303110,65
1111,221710303111,56
1112,221710303112,54
1113,221710303113,72
1114,221710303114,38
1115,221710303115,56
1116,221710303116,34
1117,221710303117,75
1118,221710303118,48
1119,221710303119,48
1120,221710303120,40
1121,221710303121,77
1122,221710303122,84
1123,221710303123,43
1124,221710303124,69
1125,221710303125,65
1126,221710303126,22
1127,221710303127,51
1128,221710303128,88
1129,221710303129,3
1130,221710303130,40
1131,221710303131,9
1132,221710303132,85
1133,221710303133,18
1134,221710303134,29
1135,221710303135,64
1136,221710303136,95
1137,221710303137,16
1138,221710303138,79
1139,221710303139,39
1140,221710303140,65
1141,221710303141,10
1142,221710303142,29
1143,221710303143,29
1144,221710303144,4
1145,221710303145,60
1146,221710303146,61
1147,221710303147,68
1148,221710303148,64
1149,221710303149,67
1150,221710303150,93
1151,221710303151,6
1152,221710303152,1
1153,221710303153,97
1154,221710303154,25
1155,221710303155,17
1156,221710303156,63
1157,221710303157,64
1158,221710303158,35
1159,221710303159,80
1160,221710303160,25
1161,221710303161,65
1162,221710303162,47
1163,221710303163,50
1164,221710303164,47
1165,221710303165,6
1166,221710303166,40
1167,221710303167,77
1168,221710303168,63
1169,221710303169,63
1170,221710303170,2
1171,221710303171,25
1172,221710303172,70
1173,221710303173,10
1174,221710303174,7
1175,221710303175,95
1176,221710303176,73
1177,221710303177,74
1178,221710303178,36
1179,221710303179,78
1180,221710303180,42
1181,221710303181,47
1182,221710303182,81
1183,221710303183,11
1184,221710303184,38
1185,221710303185,6
1186,221710303186,86
1187,221710303187,49
1188,221710303188,41
1189,221710303189,74
1190,221710303190,80
1191,221710303191,21
1192,221710303192,78
1193,221710303193,86
1194,221710303194,90
1195,221710303195,88
1196,221710303196,48
1197,221710303197,35
1198,221710303198,55
1199,221710303199,42
1200,221710303200,80
1201,221710303201,54
1202,221710303202,80
1203,221710303203,59
1204,221710303204,8
1205,221710303205,66
1206,221710303206,82
1207,221710303207,87
1208,221710303208,79
1209,221710303209,84
1210,221710303210,53
1211,221710303211,82
1212,221710303212,94
1213,221710303213,26
1214,221710303214,26
1215,221710303215,68
1216,221710303216,29
1217,221710303217,23
1218,221710303218,53
1219,221710303219,77
1220,221710303220,59
1221,221710303221,44
1222,221710303222,48
1223,221710303223,10
1224,221710303224,81
1225,221710303225,25
1226,221710303226,59
1227,221710303227,26
1228,221710303228,74
1229,221710303229,92
1230,221710303230,55
1231,221710303231,21
1232,221710303232,80
1233,221710303233,63
1234,221710303234,21
1235,221710303235,85
1236,221710303236,21
1237,221710303237,94
1238,221710303238,28
1239,221710303239,54
1240,221710303240,13
1241,221710303241,25
1242,221710303242,25
1243,221710303243,49
1244,221710303244,27
1245,221710303245,45
1246,221710303246,68
1247,221710303247,38
1248,221710303248,35
1249,221710303249,8
1250,221710303250,36
1251,221710303251,1
1252,221710303252,97
1253,221710303253,7
1254,221710303254,17
1255,221710303255,38
1256,221710303256,91
1257,221710303257,99
1258,221710303258,15
1259,221710303259,62
1260,221710303260,41
1261,221710303261,23
1262,221710303262,10
1263,221710303263,73
1264,221710303264,2
1265,221710303265,21
1266,221710303266,35
1267,221710303267,2
1268,221710303268,37
1269,221710303269,41
1270,221710303270,91
1271,221710303271,63
1272,221710303272,76
1273,221710303273,68
1274,221710303274,88
1275,221710303275,69
1276,221710303276,27
1277,221710303277,89
1278,221710303278,84
1279,221710303279,36
1280,221710303280,21
1281,221710303281,23
1282,221710303282,29
1283,221710303283,59
1284,221710303284,38
1285,221710303285,25
1286,221710303286,42
1287,221710303287,16
1288,221710303288,75
1289,221710303289,45
1290,221710303290,14
1291,221710303291,52
1292,221710303292,4
1293,221710303293,65
1294,221710303294,36
1295,221710303295,76
1296,221710303296,66
1297,221710303297,32
1298,221710303298,22
1299,221710303299,70
1300,221710303300,17
1301,221710303301,59
1302,221710303302,24
1303,221710303303,36
1304,221710303304,26
1305,221710303305,86
1306,221710303306,67
1307,221710303307,70
1308,221710303308,36
1309,221710303309,25
1310,221710303310,53
1311,221710303311,25
1312,221710303312,3
1313,221710303313,73
1314,221710303314,97
1315,221710303315,34
1316,221710303316,18
1317,221710303317,28
1318,221710303318,99
1319,221710303319,93
1320,221710303320,28
1321,221710303321,62
1322,221710303322,68
1323,221710303323,61
1324,221710303324,63
1325,221710303325,74
1326,221710303326,12
1327,221710303327,27
1328,221710303328,9
1329,221710303329,69
1330,221710303330,53
1331,221710303331,36
1332,221710303332,25
1333,221710303333,57
1334,221710303334,46
1335,221710303335,21
1336,221710303336,28
1337,221710303337,68
1338,221710303338,32
1339,221710303339,54
1340,221710303340,91
1341,221710303341,68
1342,221710303342,63
1343,221710303343,12
1344,221710303344,68
1345,221710303345,15
1346,221710303346,2
1347,221710303347,72
1348,221710303348,55
1349,221710303349,13
1350,221710303350,81
1351,221710303351,91
1352,221710303352,51
1353,221710303353,23
1354,221710303354,79
1355,221710303355,83
1356,221710303356,21
1357,221710303357,17
1358,221710303358,17
1359,221710303359,15
1360,221710303360,21
1361,221710303361,94
1362,221710303362,14
1363,221710303363,26
1364,221710303364,92
1365,221710303365,23
1366,221710303366,28
1367,221710303367,6
1368,221710303368,88
1369,221710303369,8
1370,221710303370,79
1371,221710303371,71
1372,221710303372,0
1373,221710303373,14
1374,221710303374,9
1375,221710303375,97
1376,221710303376,77
1377,221710303377,22
1378,221710303378,71
1379,221710303379,47
1380,221710303380,26
1381,221710303381,44
1382,221710303382,35
1383,221710303383,48
1384,221710303384,27
1385,221710303385,17
1386,221710303386,78
1387,221710303387,46
1388,221710303388,26
1389,221710303389,82
1390,221710303390,46
1391,221710303391,34
1392,221710303392,87
1393,221710303393,58
1394,221710303394,64
1395,221710303395,92
1396,221710303396,10
1397,221710303397,21
1398,221710303398,97
1399,221710303399,24
1400,221710303400,35
1401,221710303401,56
1402,221710303402,52
1403,221710303403,53
1404,221710303404,77
1405,221710303405,52
1406,221710303406,32
1407,221710303407,88
1408,221710303408,50
1409,221710303409,21
1410,221710303410,17
1411,221710303411,52
1412,221710303412,79
1413,221710303413,37
1414,221710303414,24
1415,221710303415,46
1416,221710303416,51
1417,221710303417,54
1418,221710303418,96
1419,221710303419,49
1420,221710303420,61
1421,221710303421,46
1422,221710303422,97
1423,221710303423,22
1424,221710303424,62
1425,221710303425,72
1426,221710303426,39
1427,221710303427,68
1428,221710303428,97
1429,221710303429,35
1430,221710303430,3
1431,221710303431,85
1432,221710303432,75
1433,221710303433,43
1434,221710303434,25
1435,221710303435,66
1436,221710303436,40
1437,221710303437,73
1438,221710303438,8
1439,221710303439,41
1440,221710303440,64
1441,221710303441,60
1442,221710303442,30
1443,221710303443,67
1444,221710303444,80
1445,221710303445,12
1446,221710303446,75
1447,221710303447,58
1448,221710303448,22
1449,221710303449,66
1450,221710303450,30
1451,221710303451,94
1452,221710303452,5
1453,221710303453,83
1454,221710303454,21
1455,221710303455,50
1456,221710303456,62
1457,221710303457,63
1458,221710303458,53
1459,221710303459,29
1460,221710303460,96
1461,221710303461,33
1462,221710303462,84
1463,221710303463,9
1464,221710303464,97
1465,221710303465,18
1466,221710303466,15
1467,221710303467,46
1468,221710303468,73
1469,221710303469,13
1470,221710303470,26
1471,221710303471,52
1472,221710303472,37
1473,221710303473,59
1474,221710303474,54
1475,221710303475,6
1476,221710303476,22
1477,221710303477,13
1478,221710303478,84
1479,221710303479,64
1480,221710303480,83
1481,221710303481,40
1482,221710303482,51
1483,221710303483,7
1484,221710303484,30
1485,221710303485,23
1486,221710303486,64
1487,221710303487,89
1488,221710303488,91
1489,221710303489,18
1490,221710303490,4
1491,221710303491,34
1492,221710303492,6
1493,221710303493,2
1494,221710303494,92
1495,221710303495,35
1496,221710303496,56
1497,221710303497,60
1498,221710303498,33
1499,221710303499,30
1500,221710303500,1
1501,221710303501,17
1502,221710303502,29
1503,221710303503,81
1504,221710303504,65
1505,221710303505,52
1506,221710303506,59
1507,221710303507,44
1508,221710303508,52
1509,221710303509,65
1510,221710303510,60
1511,221710303511,32
1512,221710303512,22
1513,221710303513,3
1514,221710303514,33
1515,221710303515,46
1516,221710303516,22
1517,221710303517,67
1518,221710303518,32
1519,221710303519,21
1520,221710303520,5
1521,221710303521,23
1522,221710303522,8
1523,221710303523,27
1524,221710303524,16
1525,221710303525,53
1526,221710303526,97
1527,221710303527,35
1528,221710303528,64
1529,221710303529,9
1530,221710303530,60
1531,221710303531,18
1532,221710303532,54
1533,221710303533,50
1534,221710303534,71
1535,221710303535,18
1536,221710303536,18
1537,221710303537,77
1538,221710303538,5
1539,221710303539,51
1540,221710303540,73
1541,221710303541,63
1542,221710303542,33
1543,221710303543,62
1544,221710303544,6
1545,221710303545,69
1546,221710303546,57
1547,221710303547,64
1548,221710303548,49
1549,221710303549,95
1550,221710303550,89
1551,221710303551,96
1552,221710303552,39
1553,221710303553,20
1554,221710303554,94
1555,221710303555,52
1556,221710303556,8
1557,221710303557,21
1558,221710303558,31
1559,221710303559,23
1560,221710303560,1
1561,221710303561,99
1562,221710303562,93
1563,221710303563,62
1564,221710303564,89
1565,221710303565,12
1566,221710303566,34
1567,221710303567,72
1568,221710303568,0
1569,221710303569,64
1570,221710303570,21
1571,221710303571,82
1572,221710303572,41
1573,221710303573,8
1574,221710303574,59
1575,221710303575,58
1576,221710303576,11
1577,221710303577,12
1578,221710303578,98
1579,221710303579,91
1580,221710303580,23
1581,221710303581,53
1582,221710303582,41
1583,221710303583,18
1584,221710303584,95
1585,221710303585,6
1586,221710303586,55
1587,221710303587,16
1588,221710303588,4
1589,221710303589,14
1590,221710303590,44
1591,221710303591,28
1592,221710303592,46
1593,221710303593,92
1594,221710303594,19
1595,221710303595,51
1596,221710303596,0
1597,221710303597,66
1598,221710303598,56
1599,221710303599,20
1600,221710303600,2
1601,221710303601,15
1602,221710303602,8
1603,221710303603,66
1604,221710303604,12
1605,221710303605,39
1606,221710303606,47
1607,221710303607,36
1608,221710303608,74
1609,221710303609,24
1610,221710303610,16
1611,221710303611,67
1612,221710303612,32
1613,221710303613,20
1614,221710303614,64
1615,221710303615,37
1616,221710303616,72
1617,221710303617,51
1618,221710303618,35
1619,221710303619,39
1620,221710303620,41
1621,221710303621,70
1622,221710303622,29
1623,221710303623,46
1624,221710303624,36
1625,221710303625,65
1626,221710303626,10
1627,221710303627,62
1628,221710303628,64
1629,221710303629,51
1630,221710303630,30
1631,221710303631,62
1632,221710303632,16
1633,221710303633,86
1634,221710303634,3
1635,221710303635,48
1636,221710303636,67
1637,221710303637,34
1638,221710303638,11
1639,221710303639,87
1640,221710303640,12
1641,221710303641,82
1642,221710303642,13
1643,221710303643,19
1644,221710303644,87
1645,221710303645,85
1646,221710303646,11
1647,221710303647,1
1648,221710303648,86
1649,221710303649,75
1650,221710303650,73
1651,221710303651,88
1652,221710303652,39
1653,221710303653,88
1654,221710303654,10
1655,221710303655,32
1656,221710303656,10
1657,221710303657,15
1658,221710303658,95
1659,221710303659,49
1660,221710303660,93
1661,221710303661,1
1662,221710303662,42
1663,221710303663,15
1664,221710303664,53
1665,221710303665,33
1666,221710303666,56
1667,221710303667,14
1668,221710303668,21
1669,221710303669,53
1670,221710303670,62
1671,221710303671,70
1672,221710303672,11
1673,221710303673,38
1674,221710303674,29
1675,221710303675,57
1676,221710303676,35
1677,221710303677,33
1678,221710303678,99
1679,221710303679,42
1680,221710303680,12
1681,221710303681,94
1682,221710303682,48
1683,221710303683,24
1684,221710303684,18
1685,221710303685,45
1686,221710303686,3
1687,221710303687,28
1688,221710303688,26
1689,221710303689,95
1690,221710303690,75
1691,221710303691,59
1692,221710303692,25
1693,221710303693,2
1694,221710303694,80
1695,221710303695,7
1696,221710303696,79
1697,221710303697,81
1698,221710303698,53
1699,221710303699,35
1700,221710303700,89
1701,221710303701,20
1702,221710303702,63
1703,221710303703,46
1704,221710303704,32
1705,221710303705,59
1706,221710303706,58
1707,221710303707,24
1708,221710303708,47
1709,221710303709,39
1710,221710303710,76
1711,221710303711,5
1712,221710303712,5
1713,221710303713,17
1714,221710303714,30
1715,221710303715,68
1716,221710303716,18
1717,221710303717,75
1718,221710303718,50
1719,221710303719,45
1720,221710303720,30
1721,221710303721,77
1722,221710303722,18
1723,221710303723,2
1724,221710303724,56
1725,221710303725,95
1726,221710303726,18
1727,221710303727,90
1728,221710303728,39
1729,221710303729,71
1730,221710303730,31
1731,221710303731,77
1732,221710303732,77
1733,221710303733,47
1734,221710303734,75
1735,221710303735,78
1736,221710303736,41
1737,221710303737,59
1738,221710303738,31
1739,221710303739,94
1740,221710303740,0
1741,221710303741,86
1742,221710303742,37
1743,221710303743,23
1744,221710303744,26
1745,221710303745,5
1746,221710303746,98
1747,221710303747,77
1748,221710303748,32
1749,221710303749,78
1750,221710303750,1
1751,221710303751,75
1752,221710303752,13
1753,221710303753,61
1754,221710303754,41
1755,221710303755,88
1756,221710303756,24
1757,221710303757,11
1758,221710303758,79
1759,221710303759,86
1760,221710303760,68
1761,221710303761,81
1762,221710303762,9
1763,221710303763,19
1764,221710303764,34
1765,221710303765,40
1766,221710303766,87
1767,221710303767,41
1768,221710303768,54
1769,221710303769,51
1770,221710303770,93
1771,221710303771,18
1772,221710303772,35
1773,221710303773,63
1774,221710303774,56
1775,221710303775,79
1776,221710303776,66
1777,221710303777,67
1778,221710303778,39
1779,221710303779,67
1780,221710303780,84
1781,221710303781,21
1782,221710303782,24
1783,221710303783,37
1784,221710303784,35
1785,221710303785,48
1786,221710303786,59
1787,221710303787,97
1788,221710303788,91
1789,221710303789,95
1790,221710303790,7
1791,221710303791,54
1792,221710303792,9
1793,221710303793,46
1794,221710303794,97
1795,221710303795,37
1796,221710303796,52
1797,221710303797,93
1798,221710303798,51
1799,221710303799,98
1800,221710303800,78
1801,221710303801,79
1802,221710303802,51
1803,221710303803,75
1804,221710303804,93
1805,221710303805,48
1806,221710303806,25
1807,221710303807,81
1808,221710303808,16
1809,221710303809,17
1810,221710303810,67
1811,221710303811,18
1812,221710303812,53
1813,221710303813,54
1814,221710303814,58
1815,221710303815,55
1816,221710303816,10
1817,221710303817,31
1818,221710303818,89
1819,221710303819,39
1820,221710303820,91
1821,221710303821,70
1822,221710303822,9
1823,221710303823,8
1824,221710303824,18
1825,221710303825,14
1826,221710303826,45
1827,221710303827,18
1828,221710303828,26
1829,221710303829,99
1830,221710303830,43
1831,221710303831,89
1832,221710303832,58
1833,221710303833,29
1834,221710303834,84
1835,221710303835,46
1836,221710303836,56
1837,221710303837,15
1838,221710303838,95
1839,221710303839,51
1840,221710303840,40
1841,221710303841,22
1842,221710303842,11
1843,221710303843,48
1844,221710303844,83
1845,221710303845,25
1846,221710303846,33
1847,221710303847,63
1848,221710303848,43
1849,221710303849,35
1850,221710303850,67
1851,221710303851,63
1852,221710303852,42
1853,221710303853,80
1854,221710303854,87
1855,221710303855,97
1856,221710303856,3
1857,221710303857,84
1858,221710303858,49
1859,221710303859,31
1860,221710303860,66
1861,221710303861,76
1862,221710303862,61
1863,221710303863,66
1864,221710303864,10
1865,221710303865,0
1866,221710303866,35
1867,221710303867,29
1868,221710303868,4
1869,221710303869,14
1870,221710303870,22
1871,221710303871,69
1872,221710303872,29
1873,221710303873,47
1874,221710303874,26
1875,221710303875,73
1876,221710303876,64
1877,221710303877,12
1878,221710303878,5
1879,221710303879,59
1880,221710303880,15
1881,221710303881,99
1882,221710303882,58
1883,221710303883,5
1884,221710303884,80
1885,221710303885,25
1886,221710303886,12
1887,221710303887,54
1888,221710303888,96
1889,221710303889,64
1890,221710303890,16
1891,221710303891,74
1892,221710303892,44
1893,221710303893,46
1894,221710303894,52
1895,221710303895,30
1896,221710303896,78
1897,221710303897,22
1898,221710303898,9
1899,221710303899,36
1900,221710303900,22
1901,221710303901,55
1902,221710303902,0
1903,221710303903,94
1904,221710303904,51
1905,221710303905,48
1906,221710303906,6
1907,221710303907,58
1908,221710303908,61
1909,221710303909,36
1910,221710303910,91
1911,221710303911,14
1912,221710303912,61
1913,221710303913,56
1914,221710303914,16
1915,221710303915,70
1916,221710303916,37
1917,221710303917,24
1918,221710303918,53
1919,221710303919,95
1920,221710303920,99
1921,221710303921,62
1922,221710303922,74
1923,221710303923,49
1924,221710303924,34
1925,221710303925,39
1926,221710303926,13
1927,221710303927,33
1928,221710303928,31
1929,221710303929,0
1930,221710303930,23
1931,221710303931,32
1932,221710303932,13
1933,221710303933,99
1934,221710303934,60
1935,221710303935,81
1936,221710303936,40
1937,221710303937,17
1938,221710303938,38
1939,221710303939,64
1940,221710303940,76
1941,221710303941,45
1942,221710303942,20
1943,221710303943,4
1944,221710303944,5
1945,221710303945,7
1946,221710303946,20
1947,221710303947,13
1948,221710303948,12
1949,221710303949,80
1950,221710303950,30
1951,221710303951,11
1952,221710303952,57
1953,221710303953,32
1954,221710303954,29
1955,221710303955,77
1956,221710303956,98
1957,221710303957,4
1958,221710303958,22
1959,221710303959,26
1960,221710303960,4
1961,221710303961,59
1962,221710303962,92
1963,221710303963,96
1964,221710303964,48
1965,221710303965,22
1966,221710303966,65
1967,221710303967,19
1968,221710303968,83
1969,221710303969,31
1970,221710303970,45
1971,221710303971,86
1972,221710303972,70
1973,221710303973,16
1974,221710303974,96
1975,221710303975,45
1976,221710303976,8
1977,221710303977,91
1978,221710303978,8
1979,221710303979,98
1980,221710303980,37
1981,221710303981,21
1982,221710303982,83
1983,221710303983,83
1984,221710303984,74
1985,221710303985,99
1986,221710303986,14
1987,221710303987,84
1988,221710303988,77
1989,221710303989,63
1990,221710303990,72
1991,221710303991,6
1992,221710303992,11
1993,221710303993,34
1994,221710303994,28
1995,221710303995,86
1996,221710303996,59
1997,221710303997,13
1998,221710303998,34
1999,221710303999,27
2000,221710304000,17
